document_id;document_url
2199424;gov
2199427;edu
2547110;com
2547112;com
2547113;com
2201749;com
2201753;net
2201756;com
2214309;com
2569345;com
2215553;com
2215232;com
2569664;uk
2547224;com
2200032;gov
2214080;com
2213089;com
2197573;com
2196483;org
2196443;com
2196836;gov
2197348;com
2200150;gov
2201350;com
2200456;com
2199429;com
2199355;uk
2546785;com
2547108;com
2207555;com
2201758;com
2547263;net
2547339;org
2207892;com
2201902;com
2207582;com
2213283;com
2215107;org
2570529;com
2213138;com
2215658;com
2225153;com
83727;gov
2196416;org
2199044;com
2196512;com
2197374;com
2546690;uk
2196528;com
2200454;com
2546745;com
2198688;com
2207873;com
2201286;com
2546753;com
2201378;com
2547104;com
2547200;com
2201477;com
2547331;org
2207764;com
2207754;org
2547457;com
2207712;com
2207616;com
2207392;com
2213184;org
2215427;com
2569886;com
2570528;com
2213155;com
2213446;com
2224640;com
2910891;com
855552;com
2546752;com
2201603;org
2201729;com
2199360;uk
2200865;gov
2201482;com
2207765;com
2207584;uk
2550087;com
2213312;org
2569377;com
2213797;com
2570908;com
2198172;net
2197889;com
1352;org
2196385;com
2196449;com
2197344;com
854315;com
2198155;com
2198482;uk
2200484;com
2546722;com
2201163;org
2546656;org
2201387;org
2547114;com
2547203;net
2201605;org
2201486;com
2201289;com
2198689;com
2546795;com
2201733;com
2207886;com
2201894;edu
2207713;com
2207617;com
2207552;com
2207875;org
2213377;com
2214283;eu
2214050;com
2214976;com
2213057;com
2213091;com
2910976;com
2224641;com
2207757;org
2148;com
855553;com
2197685;nz
2198157;com
2196487;com
1379;com
2196347;com
2197346;com
2200034;gov
2198366;com
2207891;com
1349;com
2546787;com
2200551;com
2199431;gov
2546755;com
2569885;com
2199205;uk
2546772;gov
2200385;com
2200561;com
2207773;net
2201627;com
2213102;com
2199434;us
2201607;com
2547248;com
2547337;com
2207768;org
2546759;com
2207759;com
2207888;com
2207618;com
2547491;org
2213392;com
2214262;org
2214053;au
2215527;biz
2213290;com
83710;gov
2224642;com
2911075;com
855555;com
854406;com
2197701;au
2198159;gov
2196495;edu
2197894;com
2546628;uk
2196363;com
2196516;com
2197188;com
2200022;com
2546757;edu
2199357;uk
2200390;gov
2547209;com
2201610;com
2201490;com
2201629;com
2201761;com
2207641;com
2207411;com
2207719;com
2207623;com
2207527;com
2201865;com
2213169;net
2214294;net
2215092;com
2569382;com
2569668;uk
2213898;com
2214076;com
2213094;com
2207523;com
2207480;org
2213378;org
2215557;com
2213317;com
2214885;com
2215236;com
2569666;com
2213798;uk
2215270;com
2215660;com
2213101;org
854615;com
855296;com
2219;gov
855554;com
855043;com
2197677;com
2197893;com
2546627;ca
2196351;gov
2196451;com
2196835;org
2197350;com
2198502;com
2198373;com
2199433;org
2201317;com
2546767;uk
2200387;com
2201488;com
2201742;com
2207637;edu
2207895;com
2201895;com
2207500;com
2207611;uk
2201347;uk
2200461;com
2199035;com
2207394;com
2207524;com
2569349;com
2215234;com
2213058;com
2213789;uk
2570531;org
2213127;org
2215662;com
2569893;com
2215274;com
2213415;com
2213306;com
2910991;com
2224643;com
2281;gov
2198158;com
2911062;com
855556;com
2224647;com
2197680;com
2546600;com
1462;com
2196420;org
2546661;com
2197201;edu
2546673;com
2546692;com
2199042;com
2201164;org
2199227;com
2547116;com
2547123;com
2201612;com
2201496;com
2547265;com
2199435;com
2546362;com
2197161;com
2197158;com
2196826;com
2197568;com
2197459;com
1374;org
2196350;gov
2196446;com
2910966;com
2196258;org
2201762;com
2909935;com
2910961;com
2909938;com
83765;com
2909941;com
2909946;com
2910972;com
2910971;com
2910975;com
2910977;com
2910980;com
2224906;gov
2910974;com
2224909;gov
83719;gov
2607;org
2603;com
2608;org
2225416;gov
2483;org
2546672;org
2234;gov
2197571;edu
2546651;com
2547338;com
2196458;com
2207643;com
2207575;com
2213180;com
2214054;com
2215533;com
2569383;org
2214982;com
2569670;com
2213781;uk
2213901;org
2197167;com
2197153;com
2196381;gov
2197366;org
2196518;com
2197443;gov
2197155;com
2197558;com
2196255;com
2197338;com
2910981;com
2197157;com
2546646;com
2196389;com
2197207;edu
2910983;com
2197692;nz
2196260;com
2196447;int
2197570;nz
2197461;com
2197160;com
2196357;com
2207774;com
2547136;com
2547212;au
2201492;com
2201648;com
2201514;com
2207648;uk
2207726;com
2207606;com
2547485;com
2207447;com
2207475;org
2214285;com
2546662;gov
2277;gov
2239;gov
2179;com
2240;gov
2207603;org
2196542;com
2197572;com
2196470;gov
2197165;com
2207549;edu
2207903;gov
2207409;com
2197909;com
2196248;com
2197439;org
2546650;uk
2197182;gov
2197902;com
2546648;org
2196408;com
2196396;ca
2197336;com
2197166;com
2197445;org
2196441;com
2196828;com
2197448;com
2196340;com
2197147;com
1389;com
2198178;com
2196846;com
2910949;com
2197453;org
2196344;gov
2196442;com
2197340;com
2197694;gov
2197149;com
2546645;org
2196824;com
2196265;com
2197454;edu
2196345;uk
2140;com
2197567;com
2103;com
2215255;com
2214062;org
2569895;com
1668;gov
2546664;com
2225273;gov
2213436;com
2224644;com
2910054;com
853435;gov
2546532;org
855754;com
2224651;com
2197681;org
2198162;org
2196471;com
2197434;com
2197897;com
2196455;org
2197329;com
2200137;gov
2198507;com
2200463;com
2201321;org
2199212;com
2546788;com
2547028;com
2200391;com
2547117;com
2547124;gov
2201766;com
2207775;com
2207899;com
2207498;com
2207433;org
2207463;com
2547516;com
2213417;com
2213672;com
2215537;com
2215102;org
2215401;org
2214980;com
2569672;com
2213790;com
2213143;com
2215666;com
2569900;com
2213455;com
83712;gov
2224645;com
2910038;com
855565;com
2197554;com
2197438;com
2197898;com
2546633;info
2196425;com
2196254;com
2196394;gov
2196520;com
2197559;org
2546638;com
2196272;com
2197162;com
2546655;edu
2546668;org
2196842;edu
2197444;gov
2213134;com
855804;com
2197209;au
2200145;com
2201348;uk
2200476;com
2546724;com
2546733;com
2201323;org
2199346;org
2198852;com
2201614;com
2201840;org
2201516;com
2207777;org
2207651;edu
2120;com
2196268;ca
2197449;com
854616;com
2197575;com
2546608;com
2197577;com
2196473;com
2197580;com
2196478;com
2197178;com
2196364;com
2196848;com
2196393;com
2910146;com
2196380;uk
2197205;edu
2200553;com
2200556;com
2201417;uk
2547498;com
2201399;com
2547118;com
2197208;com
2198166;org
1444;com
2197684;com
1443;com
2214044;com
2213309;com
2213660;com
2569358;com
2214891;biz
2569880;uk
2213068;com
2213097;com
2910931;org
854423;com
2196426;org
2200136;org
2197906;com
2472;com
2598;gov
2546359;com
2599;gov
2910926;org
2273;gov
2250;gov
2256;gov
2262;gov
2263;gov
2268;gov
2272;gov
83689;com
2789602;gov
2215239;com
2569673;com
2213785;uk
2214068;com
2910964;com
2225157;com
2390;com
2196392;org
2197199;edu
2546641;uk
2910978;com
2196252;com
2198177;org
2910973;com
2910959;com
2105;com
2546660;com
2197151;com
2544;com
2909943;com
2910053;com
2225343;com
2609;org
2546533;org
83718;gov
2247;gov
2546606;com
2910990;com
2196459;com
2910915;org
2196540;gov
2197557;com
2196362;gov
2196462;com
2574;org
2196464;gov
2197359;com
83691;com
2477;org
2196342;com
2197456;com
2251;gov
2197458;com
1371;gov
2135;com
2196250;com
2114;com
2910987;com
2115;com
2910994;com
2910911;org
2245;org
2246;gov
853447;com
1445;uk
2546531;gov
2336;com
2196541;uk
2197702;org
2196831;org
2254;gov
2185;com
2275;gov
2121;com
2546643;com
2910988;com
2910979;com
854617;com
2196263;com
2196444;com
2909942;com
2910932;org
2136;com
2196267;uk
2137;com
2196469;com
2106;com
2462;com
2181;com
2110;com
2910965;com
2231;gov
2486;org
2910948;com
2134;com
2909945;com
2143;com
2909944;com
2910139;gov
2910155;com
2255;gov
2910945;com
2236;com
2910910;org
2910907;org
2182;com
2910914;org
2238;gov
2139;com
2177;com
2910967;com
2910906;org
83709;gov
2141;com
2101;com
2481;org
2133;com
2910982;com
2910149;com
2910151;com
2119;com
2910903;org
2642;com
2644;org
2278;gov
2233;gov
2910909;org
2910992;com
2224907;gov
2910153;com
2790352;gov
2546;com
2548;com
2259;gov
2469;com
2249;gov
2910912;org
2184;com
2258;gov
2270;gov
2195;com
2243;gov
83726;gov
2224908;gov
2910927;org
2142;com
2183;com
2550;com
2480;org
2910955;com
2186;com
2334;com
2790712;gov
2138;com
2910916;org
2248;gov
2910924;org
2261;gov
2789600;com
2910154;com
2789601;com
2276;gov
2546642;com
2546665;org
2468;com
2470;com
2471;com
2474;gov
2475;org
2476;gov
2910929;org
2191;com
2192;com
2242;gov
2193;com
853437;gov
2910919;org
2257;gov
2910930;org
2264;gov
2265;gov
2267;gov
853354;gov
2269;gov
2271;gov
2108;com
2109;com
2111;com
2910922;org
2112;com
2117;com
2628;com
2910963;com
2232;org
2910908;org
2543;com
2910923;org
2100;com
2482;org
2113;com
2116;com
2118;com
2909939;com
2910904;org
2909934;com
552716;com
2237;gov
2789603;gov
2910148;com
83690;com
2910147;com
2104;com
2188;com
2190;com
2189;com
2485;org
2194;com
2909936;com
2102;com
2473;gov
2479;org
2282;gov
2552;gov
2909947;com
2910956;com
2280;org
2910954;com
2910957;com
2910962;com
2909940;com
2465;com
2484;org
853434;gov
2910144;com
2910984;com
2910921;org
2910917;org
2107;com
2910142;com
2910993;com
2333;com
2790700;gov
2466;com
2910985;com
2910156;com
2790351;gov
2187;com
2910913;org
2196;com
2910946;com
2910952;com
2910947;com
2910958;com
2909937;com
2910970;com
2910150;com
2225272;gov
2910950;com
2910960;com
2910918;org
2910989;com
2252;gov
2283;org
2235;gov
2910905;org
2910920;org
2910152;com
2478;org
2241;gov
2244;com
2910968;com
2274;gov
2225000;com
2178;com
2910951;com
2180;com
2910953;com
2542;com
2260;gov
2279;gov
2545;com
2910969;com
2467;com
2910145;com
853353;gov
2909948;com
2335;com
83763;com
83764;com
2790713;gov
2224999;com
2463;com
2464;com
2549;com
2546693;org
2201339;com
2198836;com
2201394;com
2198845;com
2200139;com
2546736;com
2198695;com
2200560;com
2201362;au
2201325;com
2198680;com
2199342;uk
2201357;com
2198839;com
2201361;com
2198707;com
2200481;com
2200855;com
2546683;com
2200027;com
2198483;com
2546779;org
2546761;org
2200375;com
2199445;gov
2546750;com
2200564;com
2200373;com
2200469;com
2201172;com
2199344;coop
2198685;com
2199447;com
2201338;com
2199452;com
2201342;com
2200539;net
2201403;com
2546686;gov
2199428;gov
2198682;com
2546749;com
2199358;com
2546743;com
2546727;com
2198700;com
2201368;com
2200396;org
2546770;com
2198369;com
2198696;com
2199448;gov
2198832;com
2200562;com
2201352;uk
2198835;com
2200019;com
2201305;com
2546715;org
2198708;com
2200536;com
2200021;com
2200151;gov
2201370;my
2546725;com
2546737;org
2199438;gov
2199345;coop
2546771;uk
2546694;ie
2201340;edu
2546741;com
2546696;org
2198365;com
2546701;com
2199440;gov
2198834;com
2199423;gov
2546751;org
2201385;my
2200141;gov
2201331;com
2199208;com
2200543;com
2199213;org
2546680;org
2546712;org
2198485;com
2200479;com
2546744;com
2546691;com
2201180;com
2201349;com
2546726;com
2199432;org
2199045;com
2201356;com
2200402;com
2546738;com
2199215;com
2199441;gov
2201360;com
2200020;com
2200397;com
2198842;com
2225275;com
2225276;com
855483;com
2225277;com
2225278;com
2225279;com
2225281;com
855278;com
2225282;com
2225283;com
855403;com
855375;com
2225284;com
855365;com
855355;com
2224979;com
855316;com
2225317;com
855373;com
2224973;com
855285;com
855492;com
855434;com
2225321;com
855364;com
2225322;com
2225323;com
2201299;com
2207841;org
2200374;com
2198706;com
2200015;org
2201178;com
2201404;com
2198370;com
2199348;uk
2198493;com
2547103;com
2198687;com
2199422;gov
2200014;org
2201301;com
2200537;net
2225171;com
2225172;com
2225173;com
2225174;com
2225175;com
2225176;com
2225177;com
2225178;com
855471;in
2225181;com
2225037;com
855298;com
855301;com
855304;com
2225418;com
855307;com
855309;com
855310;com
855314;com
855317;com
2224975;com
855318;com
855320;com
855345;net
855347;net
855348;net
2224949;com
2225158;com
2225159;com
2225161;com
2225162;com
2225163;com
2225164;com
2225409;in
2225165;com
2225408;in
2225167;com
2225168;com
2224968;com
855297;com
2225169;com
855361;com
2225170;com
2224629;com
855479;com
855475;com
855493;com
855506;com
855349;net
855359;com
2225398;com
855282;com
855286;com
855287;com
2225400;com
2225401;com
2225402;com
855290;com
2225403;in
855419;com
855292;com
855291;com
2225405;in
855385;com
2225404;in
2225417;com
855308;com
2225179;com
2225180;com
855264;com
855473;in
2224969;com
855277;com
855470;in
2225106;net
855474;in
855322;com
6429958;com
6429959;org
855389;com
855503;com
855321;com
855324;com
855325;com
855326;com
855487;com
855331;com
855332;com
855334;com
2224964;com
2224966;com
855367;com
2224970;com
855371;com
855372;com
855374;com
855376;com
855377;com
2224978;com
2224977;com
855380;com
855452;in
855382;com
855383;com
855384;com
855392;com
855393;com
855242;com
6429940;com
6429942;ca
6429946;ca
6429957;com
855294;com
2224911;com
855311;com
855369;com
855256;com
2253;gov
6478080;org
6429950;net
855431;com
6429549;net
6488089;com
6430009;net
6515461;org
6515813;org
6429507;com
6430069;com
855695;com
2224996;com
854211;com
2547236;com
855368;com
855312;com
855267;com
2910848;net
855395;com
855476;com
2224912;com
2224913;com
855502;com
2225324;com
2225104;net
2225325;com
2910899;com
2910900;com
855255;com
855510;com
2224630;com
2224631;com
2224632;com
2224634;com
2224636;com
6429517;org
6429510;com
6429523;com
6429548;net
6429553;org
6429554;org
6429556;org
6469995;net
6469999;net
6470001;net
6470011;net
6470013;net
6429642;edu
855313;com
2224635;com
2225280;com
2224954;com
855381;com
6429838;com
6512970;com
6429954;com
6429961;org
6429968;com
2224628;com
6429524;com
6429535;au
855303;com
855486;com
2910596;com
2225214;com
2910051;com
2910815;com
855679;com
855235;com
855315;com
855455;in
855245;com
2225319;com
6429564;org
6429565;org
855339;com
2224965;com
855443;com
855444;com
855445;in
6429570;org
6429572;org
6429573;org
6429574;org
6429585;uk
6429586;uk
6429658;uk
6429660;org
6429663;org
6429664;org
6429665;ca
6429666;ca
6429667;ca
6429669;ca
6429670;ca
6429671;ca
6429672;ca
6429673;ca
6429676;ca
6429677;edu
6429678;edu
6429679;edu
6429680;edu
6429681;edu
6429682;edu
6429683;org
6429685;org
6429684;org
6429686;org
6429687;org
6429688;org
6429522;com
855232;com
855233;com
855440;com
6429746;org
6429747;org
6429748;org
6429749;com
6429750;com
855323;com
855234;com
855350;com
855409;com
855236;com
6430024;org
6430031;com
6430041;com
6430045;com
6429537;au
6429771;edu
6429594;au
6429613;com
6430071;com
6430072;com
2225407;in
855241;com
855247;com
855249;com
855253;com
6429618;org
6429619;org
6429620;org
6429622;org
6429626;org
6429742;uk
6474834;uk
6487990;com
2404;com
855238;com
855239;com
855244;com
855248;com
855251;com
855346;net
6429996;com
6429653;uk
6429654;uk
6429652;com
6429656;uk
6429657;uk
6429659;org
6429661;org
6475030;uk
6429977;com
6429978;com
6429979;com
6429980;com
6430001;gov
6488075;com
6488084;uk
6429935;com
6429962;org
6429966;com
6430018;com
6430022;org
6430023;org
6430006;gov
6430026;com
6430046;com
6430051;au
2225406;in
855418;com
855258;com
2224637;com
855257;com
855414;com
855260;com
855262;com
855263;com
855504;com
855280;com
855266;com
855271;com
855274;com
855275;com
855276;com
855281;com
6429540;org
6429542;org
6429541;org
6429701;com
6429702;com
6429704;com
6429705;com
6429857;com
6477435;org
6477538;org
6452991;org
6485778;uk
6479648;ca
6487783;com
6487787;com
6487801;in
6429976;org
6430057;com
6429880;org
6430052;au
6430060;com
6429726;org
855272;com
855273;com
855439;com
855386;com
6429845;com
855283;com
855284;com
855415;com
855327;com
6429633;org
6429634;org
855354;com
855357;com
6429801;uk
6429802;uk
6429804;com
2224638;com
6453682;org
6429778;com
6429567;org
6429759;com
6429768;edu
6429770;edu
6429772;edu
6429777;com
2910047;com
2224901;com
2225190;com
2394;com
854361;com
2224997;com
2225207;com
2225353;com
2290;gov
2292;gov
854338;com
854857;com
855335;com
855337;com
855342;net
855343;net
855344;net
2224951;com
2224950;com
855358;com
855356;com
855433;com
855461;in
855462;in
855463;in
6429651;com
6430058;com
6429690;org
6485001;com
6485041;org
6430030;com
6429817;uk
6429730;org
6474835;uk
6487921;org
6487928;com
6487940;com
2224776;com
855162;com
2547140;uk
2547215;uk
2207551;com
855394;com
855360;com
855362;com
6515810;org
6429595;au
6531605;it
6429627;org
6429641;edu
6429731;com
6488107;com
6488114;com
855829;org
2410;com
855684;com
2225316;com
2910858;com
855387;com
6429981;com
6429982;com
6429998;com
6429999;com
855363;com
2225034;com
6429922;au
6429933;uk
2161;com
855730;com
2207612;com
2214036;com
855800;com
2215544;com
855397;com
855398;com
855399;com
855400;com
6429581;uk
6477178;org
855401;com
855402;com
2911032;com
854846;com
2287;gov
6429668;ca
6429763;ie
855406;com
855410;com
6429761;ie
6429762;ie
6429513;com
6429794;mil
6429997;com
6478167;org
6429526;com
6429758;com
6429504;com
6429505;com
6429511;com
6429512;com
6429519;org
6429662;org
6429531;au
6429536;au
6429569;org
6429813;org
6429827;uk
6429829;uk
6429830;uk
6487814;com
6487822;com
6487991;com
6541346;com
6487829;com
6487853;com
855764;com
855435;com
855411;com
855412;com
6429970;com
6429973;org
6488281;com
6488283;com
855416;com
855420;com
855422;com
855424;com
855426;com
855428;com
855429;com
2225036;com
855441;com
6487918;com
6429545;net
6429546;net
6430044;com
6430050;au
6430054;au
6430055;com
6430061;org
6430062;org
6430073;com
6430075;com
6430076;com
6430077;com
6481296;com
6448586;uk
6477268;org
6448723;uk
6429703;com
6477952;org
6453409;org
6453410;org
6469798;com
6477996;org
6469841;com
6478538;org
6480706;nz
2911063;com
6429967;com
2910838;com
2224760;com
2225255;com
2225237;com
855171;com
2225260;com
2225368;com
2910877;com
855725;com
2225389;com
2547291;ca
2910887;com
855731;com
2216;gov
2909865;com
6429700;org
2224882;com
6429823;org
6429824;org
6531669;it
6429623;org
6429647;com
6429828;uk
6487785;com
6487799;com
6487802;in
6487851;com
6541239;com
6487903;com
6487904;com
6487899;au
6542085;com
6487916;com
6488015;com
854458;com
2910813;com
2201770;com
2201517;com
2547269;com
2910879;com
2224592;uk
853730;com
2569674;com
853888;com
6429534;au
6488180;int
6488205;com
855830;org
855446;in
855450;in
855451;in
855453;in
6429602;it
6429605;org
6429607;org
6429608;org
6429609;org
6429610;org
6429614;com
6429615;com
6429850;com
6429858;com
6429859;com
6429860;com
6488069;com
6430002;gov
6430003;gov
6430004;gov
6453317;org
6469709;com
6430047;com
855442;com
2225383;com
855454;in
855456;in
855457;in
855458;in
855459;in
6487860;org
6487862;com
6487864;com
6487868;com
6487858;org
6487873;com
6487876;com
2201668;uk
6487892;org
6487898;au
2910802;com
855612;com
855122;com
2403;com
2225216;com
2224736;com
2910854;com
2225263;com
854890;com
2547143;edu
2201616;com
2547267;com
2547358;com
2207905;org
2224872;com
855680;com
6429812;org
6488102;com
6488108;com
6488117;com
855832;org
6448470;uk
6429596;au
6429616;com
6429706;com
6429709;com
6429711;com
6429712;com
6429720;com
6429727;org
6429729;org
6429814;org
6429815;uk
6429818;uk
6429819;uk
6429820;uk
6429892;org
6429893;com
6429894;com
6429895;com
6429896;com
6429902;com
6429906;gov
6429907;gov
6429908;gov
6429909;gov
6429911;org
2547240;com
2547359;com
855690;com
854476;uk
855709;com
2910850;com
2201438;com
2631;gov
855485;com
855488;com
855491;com
855494;com
855508;com
6429489;com
6429751;com
6429752;com
6429753;com
6429754;com
6429755;com
6429756;com
6429757;com
6429760;com
6429831;uk
6429832;uk
6429833;com
6429834;com
6429835;com
6480777;nz
6480749;nz
6480778;nz
6480750;nz
6429846;com
6429847;com
6429848;com
855481;com
855482;com
855484;com
6429552;org
6429566;org
6429568;org
6469756;com
6469894;com
6469936;com
6469976;net
6429645;edu
6429646;edu
6429648;com
6429650;com
6429723;com
6429724;com
6429725;org
6429728;org
6429735;com
6429736;com
855460;in
6429774;com
6429775;com
6429776;com
6429792;mil
6429795;mil
6429796;mil
6429797;uk
855464;in
855465;in
855466;in
855468;in
855469;in
855472;in
855480;com
6429873;com
6478168;org
6429721;com
6429722;com
6477909;org
6478166;org
6478337;org
6487825;com
6487834;au
6487852;com
6430025;com
2207667;org
2225259;com
2225002;com
2911002;com
2224778;com
2910847;com
855683;com
2910853;com
2225326;com
855687;com
2911003;com
855688;com
2225328;com
6429805;com
6430037;com
6430039;com
2909882;com
854796;com
6429490;com
6429485;com
6429508;com
6429514;com
6429543;org
6429515;org
6429518;org
6429520;org
6429521;com
6429525;com
6429527;au
6429528;au
6429529;au
6429530;au
6429532;au
6429743;org
6429744;org
6429745;org
6429836;com
6429837;com
6487837;com
2348;com
2224626;com
6429793;mil
6429919;au
6429488;com
6488183;int
6487821;com
6487854;com
855711;com
854845;com
6429809;org
6429486;com
6429487;com
6429803;com
6429816;uk
6429563;org
2201510;biz
2547302;com
2224862;com
2207828;org
2207608;com
2214032;com
2213784;com
855785;com
6488228;com
6429800;uk
6429806;com
6429791;mil
2224751;com
2151;com
2225230;com
2153;com
2201437;int
2224883;com
855798;com
853873;com
2547320;edu
2547374;com
2547394;gov
6429655;uk
6429689;org
2547111;com
2909875;com
6452992;org
6429692;org
6429693;org
6453501;org
6429538;au
6429539;org
6480726;nz
6429878;org
6430007;net
6430010;net
6487832;au
6487838;com
6453775;org
6429544;org
2207350;org
6488269;com
855694;com
6448951;uk
6429951;net
6429952;net
6477343;org
6429916;org
6429917;au
6429939;com
6488106;com
6488130;com
6488143;com
6488245;net
6488246;net
6488249;net
6488241;com
6429571;org
2911066;com
854387;com
2547479;com
6430038;com
6429503;com
6429975;org
6430053;au
6483240;uk
6542034;com
2398;com
6429550;net
6520882;net
6531244;org
2217;gov
6481247;com
6488330;com
6534999;com
6430034;com
6488218;com
6488226;com
6520883;net
6429719;com
6429587;us
6429590;us
6429707;com
6429591;us
6429632;org
6488240;com
6488207;com
2207442;com
2909911;com
2547372;edu
2224924;in
2224878;com
2910998;com
855791;com
6429822;org
6429825;org
6429826;org
6487833;au
6487836;au
6487842;com
6477781;org
6488282;com
2224867;com
6429582;uk
6429583;uk
6429584;uk
6429592;us
6429589;us
6429551;org
6429593;au
6429506;com
6429509;com
855813;com
6429597;au
6448370;uk
6429598;au
6429600;it
6429601;it
6429604;it
6430059;com
6429606;org
6429863;net
6429864;net
6429866;net
6429867;net
6429868;net
6429869;com
6429910;gov
6429915;org
6429934;uk
6429936;com
6429937;com
6429938;com
6429941;ca
6448373;uk
6429943;ca
6429944;ca
6429945;ca
6429947;net
6429948;net
6429949;net
6430056;com
6429621;org
6429624;org
6429625;org
2224864;com
2207866;com
2224994;com
6429628;org
6429629;org
6429990;com
6483238;uk
6429995;com
6430000;com
6488074;com
6430005;gov
6430008;net
6430011;net
6430012;net
6430013;com
6430014;com
6430016;com
6430019;org
6430020;org
6430036;com
6430040;com
6430042;com
6430043;com
6430048;com
6430049;au
6430065;org
6430066;org
6429630;org
6429631;org
6429737;uk
6429821;org
6429810;org
6429811;org
6429854;com
6429855;com
6429856;com
6429862;com
6429865;net
6488251;com
6488150;org
6488179;int
6488213;com
6488258;com
6488260;com
6488265;org
6488267;org
6488204;com
6488080;com
6488286;com
2214078;com
6429644;edu
6429649;com
854377;com
2224855;com
6488070;com
2224597;uk
6429767;edu
6429769;edu
6429691;org
6429694;org
6429698;org
6429695;org
6429696;org
6429697;org
6429612;com
6429708;com
6429710;com
6429740;uk
6488131;com
6430015;com
6430017;com
6515656;org
6429643;edu
6429841;uk
6429903;com
6478414;org
2547162;com
552636;gov
2225349;com
2909892;com
854298;com
6429764;ie
6429765;ie
6487875;com
855681;com
6430064;org
6430067;com
6430068;com
6487840;com
6541303;com
6487855;org
6487863;com
6487874;com
6429611;com
6429787;org
6429799;uk
6429732;com
6429888;org
6429889;org
6483237;uk
6429733;com
6429533;au
6478478;org
6478680;org
2201599;com
6429617;org
2207781;com
2207652;com
855691;com
2225333;com
2547421;com
2207567;org
2547182;org
6488152;org
6429766;ie
6429899;com
6429900;com
6429901;com
6487813;com
6429773;com
6430021;org
6430074;com
6516519;org
6479674;ca
6453152;org
6477733;org
6430070;com
855810;com
2909897;com
2910035;com
854827;com
2201436;com
2224885;com
2201702;ph
6478341;org
6478609;org
6429807;com
6429798;uk
6429921;au
6429932;uk
6488103;com
6488119;com
6488122;com
6488126;com
6488133;com
6488135;com
6488139;com
6488140;com
6488146;com
6488149;org
6488071;com
6488154;org
6488163;com
6488166;com
6488168;com
6488085;uk
6488138;com
6488170;com
6488184;int
6488112;com
6488197;com
6488309;org
6488314;org
6488317;com
6488321;com
6488324;com
6488328;com
6488331;com
6534359;com
6534378;uk
6487786;com
6487789;gov
6487790;gov
6487792;gov
6487823;com
6429808;com
6477800;org
6487982;com
6488030;com
2224985;com
2224680;com
2910857;com
855585;com
6488277;com
855593;com
2224695;com
2910041;com
2229;gov
855812;com
2224933;in
2911076;com
853869;com
855151;com
854342;com
6488185;com
6429849;com
6429851;com
6429852;com
6429853;com
6488065;com
6488066;com
6488067;com
6488191;com
6488194;com
2201545;com
6487870;com
6487871;com
6487872;com
6429861;com
6488216;com
6429870;com
6429871;com
6429872;com
6429874;com
6429875;org
6429876;org
6429877;org
6429879;org
6429887;org
2408;com
6429955;com
6429956;com
6429964;org
6488104;com
6488111;com
6488120;com
6488125;com
6488129;com
6488134;com
6488090;com
6488142;com
6488147;com
6488151;org
6488153;org
6488156;com
6488158;com
6488161;com
6488164;com
6488300;org
6488302;org
6488256;com
6488275;com
2201568;com
2201675;com
2201555;com
2911036;com
2225223;com
2909879;com
854400;com
2547164;org
2215254;com
6429969;com
6429971;org
6429972;org
6429974;org
6429890;org
6429891;org
6429991;com
6429992;com
6430078;com
6483239;uk
6429897;com
6429905;gov
6430029;com
6430032;com
6429960;org
6429963;org
6429965;com
6483236;uk
6487793;gov
6487798;com
6429898;com
6483326;uk
6488285;com
6487805;in
2218;gov
2201642;com
2547371;com
2201917;com
2909896;com
2201537;com
6429918;au
6487944;com
6429912;org
6429913;org
6429920;au
6429929;uk
6429931;uk
6703672;net
6429953;com
6487932;com
855701;com
2225304;com
2224838;com
6430063;org
6430028;com
2225236;com
2910056;com
2224764;com
2910901;com
2225257;com
855167;com
2910823;com
2225258;com
854381;com
6429994;com
6430033;com
2207665;com
855768;com
854825;com
6430027;com
6488055;com
2213269;com
6429734;com
6487865;com
2225049;com
2213387;com
6703812;com
6477640;org
6453080;org
6453091;org
6453151;org
6488188;com
6488190;com
6488171;com
6488176;com
6488195;com
6488196;com
6488198;com
6488200;com
6488202;com
6488203;com
6488208;com
6488210;com
6488211;com
6488212;com
6488215;com
6488221;com
6488222;com
6488224;com
6488225;com
6488227;com
6488266;org
6488173;com
6488271;com
6488272;com
6487869;com
6487877;com
6487878;com
6487879;com
6487880;com
6487885;com
6487886;com
6487887;com
6487888;com
6487889;com
6487890;com
6487891;org
6487893;org
6487894;org
6487895;org
6487896;org
6487897;au
6487900;au
6487901;au
6487902;au
6703816;com
855549;com
6487936;com
6487980;com
2225232;com
2225004;com
6515811;org
6515812;org
6487983;com
6487949;com
2225076;com
2911069;com
2225339;com
855598;com
2171;com
2225006;com
855685;com
2547239;com
2207657;com
2225267;com
2910855;com
2547468;com
6488115;com
6488121;com
6488123;com
6488124;com
6488127;com
6488086;uk
6488137;com
6488141;com
6488145;com
6488101;com
6488157;com
6488160;com
6488162;com
6488165;com
6488167;com
6488128;com
6488169;com
6488172;com
6488178;com
6488181;int
6488009;com
6488010;com
6487839;com
2224993;com
855546;com
2547192;org
2207615;com
2569365;com
2569887;uk
854490;uk
2910044;com
2379;com
855082;com
2201422;org
2213036;com
2910843;com
853737;com
2201523;com
2215;gov
855733;com
6488229;com
6488231;com
6488214;com
6488243;com
6488236;com
6488192;com
6488242;com
855079;com
2214281;com
6488068;com
6488079;com
6488082;com
2207664;com
6488072;com
6488076;com
6488077;com
6488091;com
6488182;int
6488189;com
6488087;uk
6488093;com
6488105;com
6488110;com
6488081;com
6488144;com
6488116;com
6488092;com
2199;gov
2225305;com
854231;com
2201619;com
855719;com
2910888;com
6488155;com
6488136;com
6488193;com
6488199;com
6488223;com
6488187;com
6488238;com
6488237;com
6488244;com
854999;com
2909907;com
6488239;com
6488235;com
6488248;net
6488253;com
6488159;com
2412;com
6488113;com
6488094;com
6488217;com
6488219;com
6488232;com
6488247;net
6488254;com
6488259;com
6488261;com
2201564;com
6488118;com
6488078;com
6488132;com
6488220;com
6488255;com
6488257;com
6488263;org
6488270;com
6488273;com
6488280;com
6488333;com
6534393;uk
2213;gov
2547473;com
2547241;com
2201685;com
2910944;com
2224844;com
855779;com
2224868;com
2341;com
2547166;com
6488233;com
6488301;org
6488264;org
6488304;org
2201663;gov
2201554;com
2201659;com
2201678;com
2201549;com
2201661;com
2201547;org
6487828;com
2201672;edu
2201550;com
6488206;com
6488278;com
6488303;org
6488307;org
6488310;org
6488312;org
6488315;org
6488318;com
2201673;com
6488305;org
6488311;org
6488320;com
6488316;org
2547119;org
2224930;in
2207502;com
2547492;com
2909954;com
853794;com
2547393;gov
2547198;com
6488319;com
6488323;com
6488327;com
6488329;com
6488332;com
2201677;com
6487795;com
6487788;com
6488308;org
6488313;org
6488322;com
2201546;com
6487794;gov
6488334;com
6487803;in
6542170;org
6488306;org
2201469;com
6487819;com
853923;com
855763;com
2201784;com
2213054;com
2910031;com
6487866;com
6540775;in
6487824;com
6487791;gov
6487830;com
6487835;au
6487815;com
6487818;com
6541422;com
6487831;au
6487841;com
6488011;com
6487849;com
6487850;com
6487927;com
6542282;org
6487947;com
6487950;com
6487971;com
6487973;com
6487974;com
6541223;com
6487978;com
6487979;com
6487981;com
6487994;com
6487996;com
6488000;com
6542854;com
6488029;com
2224899;com
855054;com
2910841;com
2539568;com
2910893;com
2225238;com
2910809;com
855582;com
854918;in
2911071;com
2910874;com
2911068;com
2225185;com
855597;com
2909877;com
2224686;com
855107;com
2910816;com
855723;com
855101;com
6487856;org
6487859;org
6487861;com
6487968;com
6487969;com
6488017;org
6487977;com
855721;com
2208;gov
855726;com
854244;com
2909889;com
854790;com
854487;uk
2909899;com
854486;uk
855548;com
2910045;com
855591;com
855607;com
855022;com
6487857;org
6487867;com
2910050;com
6487882;com
6487905;com
6542125;com
6487907;com
6487908;com
6487909;org
6487910;org
6487911;org
6487915;com
855715;com
6542111;com
6487919;com
6487920;com
6487917;com
6487931;com
2405;com
6487923;org
6487924;org
6487934;com
6487935;com
6487937;com
6542227;org
6487943;com
6487922;org
6487945;com
6487933;com
6487951;com
6487925;org
6488012;com
6488014;com
6487953;com
6487954;com
6487938;com
6487959;com
6487962;com
6487963;com
6487956;com
6487939;com
6487957;com
6487960;com
6487930;com
6487965;com
6487985;com
6487961;com
6487970;com
6487972;com
6487988;com
6487993;com
6487999;com
6488005;com
6487987;com
6487995;com
6488004;com
6488006;com
6488008;com
6487966;com
6487986;com
6488019;org
6542839;com
2225099;com
2145;com
855592;com
854369;com
2910048;com
2224687;com
855223;com
855605;com
2402;com
855121;com
855608;com
854881;com
2127;com
2224723;com
2224688;com
2910894;com
2224685;com
855012;com
2130;com
2225210;com
855124;com
2910801;com
855614;com
854313;com
2224729;com
2132;com
2224732;com
855616;com
2202;gov
854800;com
2911077;com
855741;com
2909891;com
6488001;com
2224742;com
855143;com
6542893;org
6488024;com
6488025;com
6488026;com
2224897;com
2224904;com
2547314;com
6488013;com
6488027;com
6488018;org
6487997;com
2225309;com
2911064;com
855581;com
2911065;com
2225184;com
855075;com
855753;com
2224659;com
855580;com
855061;com
2910040;com
2225183;com
2224665;com
854449;com
855811;com
2224902;com
855589;com
2224;gov
2225003;com
2224900;com
2539565;com
2225186;com
855094;com
2911072;com
855729;com
2539574;com
2221;gov
2790686;com
2225195;com
854964;com
855596;com
855126;com
2401;com
855787;com
2225193;com
2224709;com
854304;com
2225194;com
855515;com
2400;com
2224745;com
2910836;com
2569366;com
2569389;com
2224942;in
854847;com
2547171;com
2350;com
2354;com
2224887;com
855086;com
855590;com
855091;com
2539573;com
2144;com
855594;com
2224851;com
854452;com
855095;com
2201504;com
2547361;com
2224710;com
855097;com
2629;gov
855611;com
2230;gov
2225192;com
2124;com
855795;com
2910046;com
2399;com
2909878;com
2224714;com
855599;com
855118;com
855603;com
2630;gov
2225124;com
2225206;com
2128;com
854394;com
2225209;com
855609;com
2910999;com
6487992;com
855693;com
2910803;com
855613;com
854201;com
2225208;com
2225243;com
2225215;com
2169;com
855135;com
2910817;com
855606;com
2909883;com
855819;com
2225337;com
2911074;com
2790693;com
855776;com
2910889;com
854330;com
2207686;com
2207373;edu
2547508;com
2550097;com
2225233;com
2225217;com
854970;com
2910805;com
2225218;com
2225240;com
2547272;com
2225219;com
2225220;com
2910821;com
854288;com
2225221;com
855142;com
2225222;com
2910814;com
2224743;com
2224991;com
2224749;com
2910825;com
2225266;com
2154;com
2225224;com
2224755;com
2910865;com
2158;com
2160;com
2224752;com
854889;com
2225271;com
2225229;com
2909886;com
2225235;com
855720;com
854992;com
2547253;com
2207660;com
2201440;org
855139;com
2225253;com
2547259;au
6597610;com
2164;com
2224763;com
2910842;com
2168;com
855176;com
2225327;com
2162;com
2909887;com
2175;com
2225335;com
2910861;com
2225204;com
2225262;com
2910058;com
2790245;com
2207613;com
2338;com
2225261;com
6673347;com
2547147;org
2207907;com
2201907;com
2911073;com
854894;com
2201580;org
2224983;com
855735;com
6488175;com
6703626;com
6703635;org
6703647;com
6703652;com
6703658;com
2156;com
2224786;com
2224774;com
855682;com
2910851;com
2225313;com
2207;gov
2225369;com
855716;com
854906;com
2225376;com
2207628;com
2201869;com
2910826;com
6630076;com
2225286;com
855686;com
855713;com
2547228;in
2547367;com
2547401;gov
855712;com
2910886;com
854238;com
2207512;org
2207369;org
2207538;org
6704178;org
2910852;com
83704;gov
855792;com
6703633;org
2547478;com
2207368;org
2910862;com
855692;com
2909895;com
2207825;gov
2547151;au
2225329;com
2910866;com
2225334;com
2547273;edu
855831;org
2569355;org
2569374;org
2911034;com
855789;com
83728;gov
855696;com
855088;com
2225014;com
2910832;com
2201688;com
2547305;org
2207785;org
2910941;com
855778;com
2911006;com
854905;com
855806;com
854907;com
2910837;com
2225355;com
2547278;com
2207741;com
2224588;uk
6602157;com
2225340;com
2224853;com
855229;com
2165;com
2224928;in
2201618;com
855520;com
855698;com
853911;com
853877;com
2547155;com
2569881;com
2222782;gov
2910804;com
2207740;com
854994;com
2201705;org
6597604;com
2910839;com
2167;com
2225023;com
855703;com
2224870;com
2225303;com
2547226;com
2547268;org
2207908;com
2911059;com
2547300;com
2224771;com
2215243;com
2213902;com
2213133;com
855744;com
855747;com
854997;com
2909876;com
2547400;com
2207843;gov
2201909;com
552635;gov
855697;com
2910840;com
2224843;com
2910869;com
2910845;com
2225306;com
853773;com
6602758;com
2200;gov
2224888;com
2224617;uk
855802;com
2349;com
2213437;info
855550;com
2225092;com
2457;com
854236;com
2201446;com
2201799;biz
2201591;com
2214045;com
2215410;com
2214989;com
2213043;com
2790690;com
854883;com
2790692;com
854933;in
2224884;com
2547172;com
2225359;com
2910870;com
854228;com
854309;com
2212179;com
2225348;com
854838;com
2201428;org
6488044;com
6488046;com
2213903;com
2570034;com
6488052;com
6488053;com
855388;com
6488045;com
6488047;com
854399;com
6600963;uk
6600991;uk
6602514;com
855708;com
2547152;com
2225362;com
854234;com
2201499;org
2547362;com
2910882;com
2225018;com
855718;com
855699;com
855750;com
2207655;edu
2207796;com
2212;gov
855705;com
2547390;org
6488177;com
6488032;com
6487826;com
6487827;com
2201578;com
2201827;com
2201621;com
6488050;com
855717;com
2910883;com
2207543;org
2225372;com
2212302;com
2207629;uk
2207546;org
2213034;com
2198;gov
2207532;com
2910884;com
855722;com
855728;com
2226;gov
854816;com
2207479;com
2201880;com
2204;gov
2224939;in
853829;com
2547285;com
2547392;uk
2225364;com
855738;com
2547154;org
2201622;gov
855740;com
2207540;com
2201885;com
6488279;com
6673190;edu
6673316;org
6781463;org
2225027;com
2207476;com
2910892;com
855734;com
855736;com
2207379;com
6703781;com
854390;com
2911005;com
2790685;com
855743;com
855784;com
2370;com
854976;com
6673146;edu
6673172;net
2550095;com
2225345;com
854804;com
2910407;gov
2910599;com
855797;com
2213040;com
2547255;com
2207910;gov
6487989;com
6602341;com
6602731;com
6602759;com
6602516;com
6602517;com
854272;com
855746;com
2547231;asia
854901;com
2569678;com
2570264;com
2207356;com
2547403;edu
2910902;com
854276;com
6673119;com
6673132;net
6673125;org
6673352;org
6775511;com
6703631;com
6703913;com
6703955;com
2909888;com
2359;com
6628680;com
6673123;org
6673108;com
6673216;org
6703788;com
6703999;com
6673488;com
855757;com
855758;com
855759;com
2225212;com
854998;com
2909894;com
2201792;com
2547324;com
6487967;com
2909898;com
855761;com
853779;com
2224852;com
853777;com
6673562;org
2207469;com
2201822;com
2910938;com
855775;com
854352;com
6703679;com
6703906;com
6703919;com
6673388;com
2224848;com
854794;com
2224850;com
2215248;com
2215263;uk
2224858;com
6596882;com
855767;com
2201420;gov
2909900;com
2909901;com
854809;com
2213394;com
2213265;com
6703784;com
2569368;com
2213048;com
2213141;com
6703810;org
6673327;org
855771;com
2909902;com
2909903;com
854824;com
2224860;com
855773;com
2224861;com
2224601;uk
854814;com
2547246;com
2207827;gov
2547480;com
2213396;com
2215407;net
2909909;com
2909910;com
854308;com
2569354;com
2207507;com
2207607;com
2207533;com
2207473;za
855825;org
854935;in
855769;com
2910936;com
2201815;info
83706;gov
2547433;com
2201876;com
2201783;com
2215679;com
2213077;com
2909913;com
854489;uk
2547311;com
2547309;org
2224937;in
2201427;com
2790622;gov
2224605;uk
2224865;com
2201644;com
2547389;org
2207836;com
2207702;com
2207609;uk
855801;com
2911060;com
855513;com
855542;com
2458;com
2459;com
2461;com
2428407;com
6488033;com
2213904;com
854829;com
854332;com
2224866;com
2910597;com
2225350;com
855005;com
2224869;com
2201429;com
2289;org
853824;com
2569901;com
2213118;com
6628684;com
855777;com
2201511;com
2201454;com
2547509;com
2569882;uk
2213305;uk
854874;com
2201442;com
855815;com
6703903;com
6706146;edu
2201796;com
2201458;com
2547391;com
2207832;org
2225147;com
855545;com
2369;com
2201650;com
2207833;gov
2207703;com
2547376;com
2207534;com
2201886;com
2224880;com
854876;com
2224881;com
2358;com
2225196;com
2550100;com
2547264;com
6487946;com
6488058;com
6488048;com
6487816;com
2547481;com
2547405;com
2387;com
6487964;com
2213782;org
2569884;uk
2213908;com
854849;com
855742;com
853827;com
2360;com
2291;gov
2790620;gov
853825;com
2224871;com
855783;com
2790694;com
2547181;org
854340;com
2224874;com
2910820;com
855786;com
853735;com
854357;com
2224877;com
854878;com
855814;com
6629451;com
2910018;com
854346;com
2207793;org
2547437;com
6603421;com
6603422;com
6603544;com
6603545;com
6603601;com
6602787;com
2911041;com
2911000;com
854864;com
2224879;com
6703701;com
6673428;org
6673444;edu
2911007;com
2224982;com
2909864;com
2547377;com
2911001;com
2547378;org
855796;com
2201445;ca
2345;com
2352;com
855704;com
6703632;org
6703667;org
6703796;org
6703847;com
6703717;com
853909;com
2342;com
2569364;com
854884;com
2343;com
6703878;com
855794;com
2550099;com
2215098;org
2215409;com
2790691;com
2201439;com
2547262;com
2215677;com
2213076;com
2413;com
855526;com
853875;com
2344;com
854896;com
2547388;fm
2213442;com
854898;com
2790687;com
2224891;com
853438;gov
855036;com
855547;com
2910890;com
2392;com
6597612;com
6598053;com
6488043;com
6628681;com
6629289;com
2224892;com
2353;com
2224896;com
854396;com
2356;com
854404;com
2357;com
2911029;com
855818;com
2215546;com
2214999;com
2361;com
855820;com
2911035;com
854428;com
855822;com
2207704;com
2207386;com
2207541;edu
2207583;com
2364;com
854922;in
2224893;com
2201839;org
2201703;org
854439;com
2372;com
2547173;com
854445;com
853739;com
855604;com
2213432;com
2214906;com
2201583;com
2547449;com
854461;com
2910032;com
854505;uk
2347;com
2225021;com
2201534;com
2225134;com
6603059;com
2547315;com
855824;org
2224990;com
2910026;com
2910028;com
2224998;com
6225309;com
2215230;com
2215231;com
2213913;com
2547325;com
2213086;com
2213912;com
854925;in
6673349;org
6703831;com
2225039;com
2207545;com
2911037;com
2201877;com
854414;com
2366;com
2911038;com
855828;org
854941;com
2214901;com
2213139;com
2225055;com
853921;com
83766;com
2225063;com
2225068;com
2207736;com
6703782;com
854438;com
2201846;com
2911040;com
2547247;com
2547187;com
2207514;com
2910605;com
2225080;com
854944;com
855799;com
2225086;com
2224859;com
2201803;com
2201724;com
854954;com
2224995;com
2910019;com
6673111;com
6703762;com
6673257;ca
6673259;com
2201785;com
854429;com
2910023;com
855782;com
2547183;com
854943;com
2910025;com
2207707;com
854961;com
855765;com
2382;com
2213400;com
2569371;com
2213045;org
2547316;au
6703789;com
854443;com
2910024;com
6704125;org
2365;com
2374;com
2224989;com
2547184;org
2225058;com
2224875;com
2225072;com
2547510;eu
2547445;com
2910604;com
2224895;com
2215262;com
2381;com
2213178;com
2213311;com
6703874;org
2547448;com
2570525;com
6703644;com
6703655;com
6673270;org
2386;com
854463;com
855517;com
2910043;com
2225077;com
855519;com
6781612;org
6673437;edu
6704006;org
2362;com
2225078;com
2411;com
2910055;com
6488299;org
6900318;com
2207630;com
2225090;com
855518;com
855514;com
2225089;com
2409;com
854985;com
2207733;uk
855522;com
855000;com
2547319;com
2215673;com
854481;uk
855521;com
854996;com
2547317;edu
2547382;com
2225126;com
2213685;com
2225122;com
2207547;com
2201719;com
855539;com
2909872;com
6487955;com
2547322;uk
855525;com
855006;com
2224615;uk
2214041;com
2225150;com
2414;com
855524;com
2910592;com
2224595;uk
854501;uk
2213915;com
855529;com
2570524;com
2213918;com
855803;com
2419;com
855527;com
2215421;com
2910595;com
855531;com
855534;com
2910598;com
2225093;com
6488209;com
6487998;com
6488002;com
6488007;com
6488020;org
6488023;com
6487958;com
855532;com
855533;com
2910600;com
854499;uk
2428404;com
2910603;com
2224616;uk
2201786;org
6488268;org
6562590;org
6488022;org
2910606;com
855008;com
855543;com
2214908;com
2547486;org
2201797;com
2201590;com
2201707;com
855536;com
2910612;com
2201448;ca
854506;uk
2225139;com
855535;com
855538;com
2910608;com
83694;gov
2225132;com
855540;com
6600990;uk
6673274;org
2455;com
2428405;com
2547385;org
6703881;com
2225001;com
855528;com
2460;com
6703726;com
6673218;org
2225142;com
2209;gov
2385;com
855544;com
853352;gov
2201641;com
2207346;org
2547396;gov
2213116;com
855551;com
2201855;com
2213081;com
2213115;com
2201806;com
2207761;net
6596683;com
6488262;com
6598037;com
6488057;com
6487948;com
6487952;com
6627605;org
6627607;org
6673105;com
6673195;id
6488035;com
6488039;com
6598054;com
6704067;com
6703648;com
2547452;com
6673120;org
6673147;edu
6673221;org
6703754;org
6703756;org
6673208;com
6488036;com
6488034;com
6488037;com
6596682;com
6594997;com
6595217;com
6488028;com
6488041;com
6630075;com
6595220;com
6596505;com
6488031;com
6488038;com
6597613;com
6488040;com
6488276;com
6595218;com
6488274;com
6597375;com
6598045;com
6597619;com
6673186;edu
6673637;com
6704162;com
6598046;com
6598055;com
6488042;com
6673467;com
6487929;com
6597611;com
6488284;com
6899994;com
6600944;uk
6600961;uk
6601331;com
6900248;com
6541153;in
6488049;com
6488051;com
6488054;com
854886;com
6487797;com
6488056;com
2225;gov
853913;com
6487817;com
2210;org
855807;com
6703990;com
6703991;com
2550096;com
6673390;edu
6704022;com
6594326;com
6488003;com
6673226;com
6703742;org
2225096;com
6703969;com
6673440;ca
6704140;org
6704117;com
6630338;com
6673114;com
6703630;com
6673256;ca
6703899;org
6673334;in
2207842;org
6673280;edu
6703779;com
6673282;com
6673292;com
6703802;com
6673320;com
6673296;org
6703808;org:443
6673301;edu
6703842;com
6703832;com
6703844;com
6673318;com
6673323;com
6673492;org
6602973;com
6602515;com
6703941;com
6703942;com
6673416;com
6703943;com
6703946;com
6704043;org
6629031;com
6629290;com
6673174;edu
6777198;com
6704083;com
6781611;org
6673236;org
6673326;org
6703747;org
6673255;ca
6673200;org
6673260;com
6703894;com
6600962;uk
6601565;com
6703979;org
6703937;com
6703981;com
6704075;ca
6673447;edu
6703934;com
6673451;net
6673454;net
6673456;net
6673469;org
6673472;org
6703997;org
6673566;edu
6673569;edu
6704093;com
6602885;com
6673473;org
6673491;com
6601469;com
6703737;com
6603347;com
6603169;com
6602972;com
6601938;com
6601960;com
6630308;com
6704008;org
6601759;com
6673129;gov
6603245;com
6703793;com
6703798;org
6673329;org
6673330;in
6777145;com
6596881;com
6673377;edu
6673406;org
6602642;com
6602730;com
6703777;com
6673322;com
6630176;com
6673494;org
6673486;com
6673382;edu
6628683;com
6673223;com
6673224;com
6673228;org
6703751;org
6673232;org
6703753;org
6703755;org
6673243;com
6673106;com
6673303;edu
6703786;com
6673436;edu
6703760;com
6673244;com
6673238;org
6673241;com
6630276;com
6673107;com
6673115;com
6673103;com
6673135;net
6673116;com
6673117;com
6673176;edu
6673188;edu
6673155;com
6673134;net
6673096;com
6703724;com
6703738;com
6673248;org
6673289;com
6703864;com
6703865;com
6703965;uk
6703966;uk
6673438;ca
6673121;org
6673139;edu
6673141;edu
6673465;com
6673098;com
6673161;edu
6673168;net
6673101;com
6673489;com
6673158;edu
6673110;com
6673162;org
6673165;org
6673166;org
6673177;edu
6628028;org
6673144;edu
6703650;com
6703653;com
6673179;edu
6703634;org
6673239;org
6703773;com
6673249;org
6704097;edu
6704099;edu
6673580;org
6673131;gov
6704124;org
6627606;org
6629759;com
6630113;com
6673374;edu
6673375;edu
6703905;com
6703914;com
6673387;com
6703925;com
6627331;org
2225256;com
6673097;com
6673127;gov
6673118;com
6673171;net
6673180;edu
6673185;edu
6673187;edu
6673150;com
6673182;edu
6703722;com
6703697;org
6703700;com
6703725;com
6703712;org
6673104;com
6703739;com
6673178;edu
6673217;org
6703740;org
6703732;com
6673219;org
6673222;com
6703746;org
6673252;ca
6703819;com
6704142;com
6673136;net
6673268;org
6703976;org
6628601;com
6627604;org
6630042;com
6673501;com
6673503;com
6703666;org
6673199;org
6630275;com
6673099;com
6673113;com
6673138;edu
6673143;edu
6703859;com
6703840;au
6673342;com
6673343;com
6673344;com
6703861;com
6673345;com
6703862;com
6704181;org
6673675;com
6673126;gov
6703743;org
6673225;com
6673237;org
6673220;org
6703761;com
6703764;org
6673240;com
6703765;org
6703767;org
6703769;org
6673245;com
6673246;org
6673181;edu
6673420;gov
6673422;gov
6673424;gov
6673152;com
6673153;com
6673159;edu
6673163;org
6673124;org
6673384;com
6673167;org
6673169;net
6673170;net
6673128;gov
6703636;org
6673149;edu
6703637;org
6703654;com
6673154;com
6673261;com
6703791;com
6673267;org
6673271;org
6703783;com
6673230;org
6673264;org
6703792;com
6673281;edu
6673297;org
6673305;edu
6703853;com
6673183;edu
6673184;edu
6673194;id
6703646;com
6673687;org
6900427;org
6900015;com
6703645;com
6703729;com
6900026;com
6703660;com
6673346;com
6673197;id
6703629;com
6673198;org
6703659;com
6673201;org
6703661;com
6673247;org
6673253;ca
6703922;com
6703664;org
6703668;net
6703671;net
6703649;com
6703680;com
6703685;com
6703690;com
6703695;org
6703699;com
6703702;com
6703704;net
6703710;org
6703714;org
6704135;com
6704136;org
6703719;com
6703720;com
6703721;com
6703723;com
6673202;org
6703678;com
6703657;com
6703670;net
6703693;org
6703715;org
6673211;com
6673212;com
6673213;com
6703673;net
6703675;com
6703835;com
6673288;com
6703836;au
6703843;com
6703845;com
6703833;com
6673283;com
6673324;org
6673325;org
6673516;org
6673214;com
6703846;com
6703804;com
6673204;com
6673520;org
6673565;edu
6703627;com
6703676;com
6703686;com
6703687;com
6703691;com
6703694;org
6703681;com
6703683;com
6703669;net
6703688;com
6703689;com
6703692;org
6703696;org
6704116;com
6703682;com
6703698;com
6703703;com
6703707;net
6703663;org
6703961;com
6673425;gov
6703963;uk
6673429;org
6703794;org
6673399;org
6703706;net
6703711;org
6703727;com
6673145;edu
6673160;edu
6703733;com
6703735;com
6673157;edu
6703728;com
6703834;com
6673306;org
6703731;com
2418;com
6703766;org
6673234;org
6769672;com
6673250;org
6673262;com
6673210;com
6673215;com
6703684;com
6673122;org
6673286;com
6673591;au
6703967;uk
6673254;ca
6673445;edu
6673446;edu
6673459;net
6704010;org
6704048;ca
6673527;org
6704049;ca
6673530;edu
6673151;com
6703734;com
6703736;com
6703665;org
6703768;org
6703797;org
6673378;edu
6673229;org
6703741;org
6673275;org
6673276;edu
6703803;com
6673278;edu
6703809;org
6704080;com
6673630;org
6704131;com
6703748;org
6673233;org
6703752;org
6673263;com
6703749;org
6673235;org
6703757;org
6673227;com
6703758;com
6673266;org
6703770;com
6673251;org
6703778;com
6703790;com
6673273;org
6703780;com
6703785;com
6703801;com
6673502;com
6704025;com
6673522;org
6703806;org
6673284;com
6673667;org
6704204;com
6673672;com
6704215;org
6704217;org
6673285;com
6673287;com
6703811;org:443
6703817;com
6703818;com
6673293;com
6673312;org
6673315;org
6703850;com
6673521;org
6703807;org
6703813;com
6673291;com
6673290;com
6673423;gov
6703948;com
6703952;com
6673304;edu
6673311;org
6673314;org
6703830;com
6673310;org
6703837;au
6673308;org
6703841;au
6673307;org
6673309;org
6703848;com
6703852;com
6673328;org
6673331;in
6703854;com
6703851;com
6673333;in
6703856;com
6673332;in
6703858;com
6703860;com
6703867;com
6703863;com
6704108;com
6673599;com
6673348;org
6703869;com
6673350;org
6673357;com
6703875;org
6673365;edu
6673370;org
6703896;org
6703775;com
6703730;com
6703868;com
6703870;com
6673358;com
6703877;org
6673371;org
6703892;com
6703901;org
6673373;edu
6703904;com
6673385;com
6703890;com
6673102;com
6673100;com
6673317;org
6673391;edu
6673397;org
6704013;org
6673656;org
6673661;org
6673351;org
6703871;com
6703876;org
6703883;com
6673367;org
6673353;org
6703879;com
6673369;org
6773230;com
6673203;org
6673298;org
6703774;com
6703872;org
6673361;edu
6703895;com
6673386;com
6703839;au
6703930;net
6673402;org
6673614;com
6703873;org
6703893;com
6703882;com
6704160;com
6775556;com
6673359;com
6673362;edu
6673366;org
6673376;edu
6703880;com
6673379;edu
6673156;edu
6673360;edu
6703916;com
6704118;com
6673368;org
6703891;com
6703900;org
6673363;edu
6703750;org
6900168;org
6900171;org
6673354;com
6776854;net
6775557;com
6781647;org
6704199;com
6673685;org
6704209;com
6673380;edu
6703855;com
6673335;in
6703716;com
6703814;com
6704223;com
6703911;com
6703918;com
6703915;com
6703795;org
6703931;net
6673442;ca
6703933;com
6673555;com
6704076;com
6673558;org
6673608;uk
6704119;com
6704161;com
6704173;com
6673130;gov
6673383;edu
6673389;com
6775416;com
6673109;com
6776888;edu
6777001;com
6704212;com
6673689;org
6775552;com
6773134;com
6775553;com
6673133;net
6773140;com
6673112;com
6773231;com
6673164;org
6900089;com
6673206;com
6673560;org
6703651;com
6703744;org
6703956;com
6703951;com
6703628;com
6673148;edu
6703656;com
6673140;edu
6900106;com
6900163;com
6900151;com
6777427;com
6673189;edu
6703705;net
6781610;org
6704182;org
6673651;com
6704187;com
6673669;org
6704188;com
6704205;com
6673677;com
6704207;com
6673680;com
6900131;com
6900195;com
6673313;org
6673209;com
6703815;com
6673175;edu
6673671;org
6703800;com
6703910;com
6703908;com
6703912;com
6703917;com
6703924;com
6673356;com
6673403;org
6673355;com
6703677;com
6703763;com
6703849;com
6703907;com
6673321;com
6673364;edu
6673372;edu
6703902;com
6704041;org
6673476;edu
6673583;edu
6703708;net
6704053;com
6781648;org
6673173;net
6673597;com
6703929;net
6673207;com
6703921;com
6673392;edu
6673393;edu
6703927;net
6673404;org
6673394;edu
6673407;org
6703920;com
6673411;com
6703939;com
6673412;com
6703940;com
6673405;org
6673409;com
6673410;com
6703938;com
6673415;com
6673408;com
6673417;com
6703945;com
6673419;com
6704159;org
6703949;com
6704028;com
6673413;com
6703953;com
6673421;gov
6673418;com
6673426;org
6703947;com
6703954;com
6673427;org
6703962;uk
6899998;com
6900023;com
6703957;com
6673430;org
6703958;com
6703964;uk
6673433;edu
6673435;edu
6703960;com
6703772;com
6673464;com
6703996;org
6704047;ca
6704115;com
6673602;org
6673603;org
6704113;com
6673604;org
6673605;org
6673431;org
6703959;com
6673432;edu
6704005;org
6704011;org
6704012;org
6673495;org
6704016;com
6673496;org
6673499;com
6704017;com
6704018;com
6704109;com
6943242;com
6673434;edu
6703968;com
6703977;org
6673458;net
6703978;org
6704002;com
6673485;edu
6673519;org
6704081;com
6673439;ca
6703970;com
6703928;net
6673319;com
6673272;org
6673277;edu
6703787;com
6703799;org
6703932;com
6704029;com
6673279;edu
6703982;com
6900048;com
6673295;org
6673400;org
6673302;edu
6673395;edu
6673401;org
6703971;com
6673455;net
6673396;org
6703821;com
6703926;net
6703935;com
6703972;com
6673452;net
6673480;edu
6704134;com
6850400;org
6900337;com
6900481;com
6900552;com
6703973;com
6703974;org
6703975;org
6673443;ca
6673449;edu
6673450;net
6703994;org
6673471;org
6703995;org
6704000;com
6704079;com
6704086;com
6673570;com
6673571;com
6704098;edu
6703980;com
6673457;net
6703983;com
6703984;com
6704030;com
6673513;net
6704031;com
6673517;org
6673461;net
6703936;com
6703985;com
6673448;edu
6900039;com
6900042;com
6899991;com
6899990;com
6703986;com
6673463;com
6704133;com
6673621;com
6704137;org
6673623;com
6704139;org
6899988;com
6899987;com
6900288;net
6900273;com
6673453;net
6703987;com
6673466;com
6673462;com
6703993;org
6703992;org
6703988;com
6673460;net
6673468;org
6673470;org
6673688;org
6704210;com
6704003;com
6673481;edu
6673617;com
6673493;org
6900272;com
6673482;edu
6704021;com
6704001;com
6704004;org
6673483;edu
6673487;com
6704007;org
6703998;com
6704014;org
6673500;com
6673514;net
6673589;au
6673484;edu
6704027;com
6704088;com
6704009;org
6673490;com
6770007;com
6704015;org
6673497;org
6704094;edu
6673498;com
6704020;com
6673582;edu
6704092;com
6704033;com
6673553;com
6673533;edu
6704065;com
6704055;com
6673547;edu
6769756;com
6673695;org
6704220;com
6673511;net
6673515;net
6704032;com
6704019;com
6704034;com
6704038;com
6704039;com
6673510;net
6704040;org
6704185;com
6900511;com
6704042;org
6704044;org
6673657;org
6673518;org
6704035;com
6673528;edu
6704024;com
6673529;edu
6673525;org
6704046;ca
6704036;com
6704023;com
6704026;com
6771916;id
6630277;com
6628682;com
6629288;com
6673537;com
6673543;edu
6595219;com
6630111;com
6630112;com
6776530;com
6943106;com
6673559;org
6900068;ca
6900083;edu
6900088;com
6673613;com
6673629;net
6899993;com
6900045;com
6930668;com
6673534;com
6777793;com
6704070;ca
6704082;com
6673535;com
6673577;org
6704100;com
6704143;com
6673631;org
6673632;org
6704145;com
6900204;com
6900450;com
6704037;com
6673531;edu
6673598;com
6704050;ca
6704051;ca
6704056;com
6704069;com
6769587;com
6900306;gov
6673539;com
6704058;com
6673549;edu
6673551;edu
6673540;edu
6673541;edu
6673546;edu
6704060;com
6673552;com
6704062;com
6704063;com
6704064;com
6673532;edu
6704045;org
6673542;edu
6704052;com
6704061;com
6704054;com
6673536;com
6673538;com
6673550;edu
6673479;edu
6673545;edu
6673554;com
6704057;com
6704059;com
6704071;ca
6704072;ca
6673556;com
6704068;com
6673557;com
6704077;com
6938677;com
6900228;com
6673548;edu
6704073;ca
6704074;ca
6673568;edu
6704078;com
6704096;edu
6673572;com
6704103;com
6673561;org
6704085;com
6704089;com
6704090;com
6673585;edu
6704110;com
6704111;com
6673593;au
6704112;com
6673576;org
6673579;org
6704101;com
6673563;org
6673567;edu
6673575;com
6673581;org
6673578;org
6900061;com
6900333;com
6673586;edu
6704091;com
6900438;com
6704084;com
6673592;au
6673587;edu
6704095;edu
6673590;au
6704104;com
6777833;org
6673594;com
6673596;com
6673595;com
6704102;com
6704106;com
6673588;au
6673600;org
6704107;com
6673601;org
6673606;uk
6704114;com
6704122;com
6673625;net
6673624;net
6704141;org
6704120;com
6704148;org
6673643;org
6704157;org
6704158;org
6704151;org
6673644;org
6673633;org
6673612;com
6704121;com
6673609;uk
6673610;uk
6704123;com
6673607;uk
6673615;com
6704129;org
6704126;org
6673616;com
6704130;com
6673618;com
6769671;com
6673611;uk
6673620;com
6704132;com
6673619;com
6704127;org
6704138;org
6673622;com
6673626;net
6673653;com
6704169;org
6704172;com
6673655;org
6900264;com
6900283;com
6900285;com
6900277;com
6900307;gov
6900310;com
6704147;com
6673628;net
6704149;org
6900441;com
6704150;org
6673639;com
6673640;com
6673665;org
6673638;com
6704152;org
6673627;net
6673634;org
6673641;com
6704144;com
6673635;org
6673636;com
6900324;com
6704155;org
6673645;org
6704154;org
6673659;org
6673660;org
6704177;com
6704180;org
6673663;org
6673664;org
6704183;org
6673650;com
6704153;org
6673642;org
6704156;org
6673648;com
6704165;com
6704225;com
6769840;com
6673646;org
6704164;com
6673652;com
6704176;com
6673654;org
6704170;org
6704174;com
6673658;org
6704175;com
6704179;org
6673662;org
6704167;org
6900291;net
6704168;org
6673649;com
6900250;ca
6900485;net
6900281;com
6900295;net
6900316;com
6704171;org
6704195;org
6704203;com
6704192;org
6673674;com
6704193;org
6673676;com
6673679;com
6704196;com
6673683;com
6704198;com
6673668;org
6673684;org
6673670;org
6704189;com
6673673;com
6704194;org
6704191;org
6673681;com
6673682;com
6704197;com
6673666;org
6704201;com
6704202;com
6704208;com
6673686;org
6704214;org
6673690;org
6673691;org
6704216;org
6673692;org
6673693;org
6704213;com
6804771;org
6704200;com
6782315;edu
6704211;com
855530;com
6704219;org
6772724;com
6673694;org
6704221;com
855714;com
6704222;com
6704218;org
855710;com
6704105;com
6704224;com
6900051;com
6900057;com
6900476;com
6850413;org
6850412;org
6899992;com
6900176;com
6900011;com
6900032;au
6900033;au
6900027;com
6900017;de
6900127;com
6900135;com
6900149;com
6900150;com
6900152;com
6900162;com
6900286;net
6900049;com
6900105;com
6899999;com
6900269;com
6900132;com
6900550;com
6900232;de
6900270;com
6900422;net
6900005;us
6900093;com
6900054;com
6900014;com
6899980;com
6900024;com
6899989;com
6932552;uk
6900006;us
6900156;com
6900084;edu
2201620;com
6900336;com
6900549;org
6900551;com
6939707;com
6932454;uk
6900396;com
6900213;com
6900280;com
6900082;edu
6900104;com
6900179;com
6900187;org
6900110;com
6900117;uk
6900123;edu
6900170;org
6900126;com
6900180;com
6900185;org
6900188;org
6900044;net
6900053;com
6900383;com
6900421;net
6900177;com
6900178;com
6850398;org
6850403;org
6850401;org
6850402;org
6850411;org
6850414;org
6850399;org
6900254;ca
6850410;org
6850415;org
6900468;com
6900275;com
6900327;com
6900225;com
6900290;net
6900252;ca
6899997;com
6900019;de
6900055;com
6900062;com
6900100;com
6900102;com
6900046;com
6899995;com
6900018;de
6900056;com
6900065;ca
6900113;uk
6900047;com
6932577;uk
6900128;com
6900134;com
6900139;uk
6900125;com
6900124;com
6900142;com
6900148;com
6899996;com
6900003;com
6900013;com
6900091;com
6900520;uk
6899986;com
6900092;com
6900141;uk
6900050;com
6900136;uk
6900145;com
6900154;com
6900001;com
6900008;us
6900086;edu
6899985;com
6900010;com
6900382;com
6900386;com
6900392;edu
6900508;com
6900395;com
6900398;com
6900021;de
6900081;uk
6900060;com
6900025;com
6900040;net
6900016;de
6900004;us
6900007;us
6899984;com
6900012;com
6899982;com
6900000;com
6900160;com
6900164;com
6900009;us
6900059;com
6900066;ca
6899981;com
6900069;ca
6900087;edu
6900112;uk
6900114;uk
6900085;edu
6900121;edu
6900122;org
6900063;com
6900067;ca
6900120;edu
6900119;edu
6900064;ca
6900147;com
6900090;com
6900107;com
6900129;com
6900137;uk
6900140;uk
6900108;com
6900002;com
6900058;com
6900103;com
6900111;com
6900116;uk
6900153;com
6900159;com
6900158;com
6900166;org
6900038;com
6900174;com
6900115;uk
6900146;com
6900165;com
6900169;org
6900157;com
6899983;com
6900022;com
6900130;com
6900172;com
6900173;com
6900101;com
6900181;com
6900155;com
6900183;com
6900175;com
6900186;org
6900330;com
6900451;com
6900475;com
6900558;com
6900575;net
6900208;com
6900370;com
6900194;com
6900197;com
6900210;com
6900196;com
6900198;com
6900201;com
6900209;com
6900212;com
6900199;com
6900206;com
6900207;com
6900182;com
6900184;org
6900361;com
6900384;com
6900193;com
6900214;com
6900517;com
6900202;com
6900211;com
6900220;com
6900221;com
6900191;com
6900192;com
6900426;org
6900423;net
6900436;com
6900373;com
6900429;org
6900430;com
6900431;com
6900432;com
6900433;com
6900434;com
6900435;com
6900470;com
6900217;com
6900218;com
6900224;com
6900222;com
6900227;com
6900223;com
6900226;org
6938640;com
6900200;com
6900215;com
6900216;com
6900219;com
6900229;com
6900465;com
6900471;com
6900480;com
6900456;com
6900231;org
6900240;net
6900245;com
6900249;com
6900241;net
6900244;com
6900247;com
6900251;ca
6900246;com
6900230;com
6900253;ca
6900570;com
6900566;org
6900567;org
6900255;ca
6900263;com
6900569;com
6900449;com
6900262;com
6939175;com
6900267;com
6900268;com
6939150;com
6939308;com
6939174;com
6900282;com
6900296;net
6900308;gov
6900315;com
6900287;net
6900503;com
6900289;net
6900271;com
6900292;net
6900293;net
6900276;com
6900297;net
6900279;com
6900312;com
6900284;com
6900304;gov
6900305;gov
6900294;net
6900309;gov
6900313;com
6900319;com
6900320;com
6900483;com
6900568;com
6900321;com
6900322;com
6900326;com
6900328;com
6900311;com
6939225;com
6900314;com
6900325;com
6900329;com
6900332;com
6900323;com
6900334;com
6900335;com
6900339;com
6900443;com
6900340;com
6900345;com
6900353;net
6900358;com
6900346;com
6900356;net
6900348;com
6900366;fr
6900513;com
6900560;com
6900331;com
6900352;net
6900355;net
6900357;net
6900359;com
6900360;com
6900365;fr
6900367;fr
6900369;fr
6900351;com
6900381;com
6900385;com
6900387;com
6900394;com
6900397;com
6900405;com
6900408;org
6900409;org
6900376;com
6900379;com
6900417;com
6900389;edu
6900349;com
6900354;net
6900363;com
6900350;com
6939268;com
6900347;com
6900362;com
6900364;fr
6900372;com
6900378;com
6900388;edu
6900393;edu
6900402;com
6900404;com
6900375;com
6939290;com
6900413;com
6900416;com
6900418;net
6900368;fr
6900371;com
6900374;com
6900377;com
6900391;gov
6900400;com
6900390;edu
6900403;com
6900406;org
6900407;org
6900412;com
6900380;com
6900414;com
6900479;com
6900410;org
6900411;org
6900399;com
6900420;net
6900419;net
6900425;org
6900424;org
6900442;com
6900439;com
6900440;com
6900445;com
6900448;com
6900447;com
6900547;org
6900548;org
6900444;com
6900455;com
6900453;com
6900466;com
6900454;com
6900457;com
6900458;com
6900462;com
6900469;com
6900515;com
6900459;com
6900460;com
6900463;com
6900491;com
6900461;com
6900467;com
6900464;com
6900472;com
6900477;com
6900473;com
6900484;net
6900486;net
6900489;net
6900493;com
6900494;com
6900496;com
6900497;com
6900499;com
6900504;com
6900506;com
6944784;com
6900487;net
6900488;net
6900478;com
6900482;com
6900492;com
6900498;com
6900502;com
6900507;com
6900495;com
6900500;com
6900512;com
6900514;com
6900521;uk
6900523;uk
6900528;com
6900536;uk
6900561;com
6900555;com
6900563;org
6900571;com
6939809;com
6939919;com
6932406;uk
6932455;uk
6900577;net
6900501;com
6900509;com
6900505;com
6900510;com
6900490;com
6900516;com
6900518;com
6900519;com
6900525;uk
6900527;com
6900543;com
6942414;org
6900578;net
6900524;uk
6900531;com
6900540;com
6900529;com
6900533;uk
6900530;com
6900534;uk
6900535;uk
6900532;uk
6900537;uk
6900539;com
6900541;com
6900538;com
6900522;uk
6900544;org
6900526;com
6900546;org
6900542;com
6900545;org
6900553;com
6900554;com
6900556;com
6900557;com
6900562;org
6900559;com
6900565;org
6900573;com
6900574;net
6900579;net
6939810;com
6939924;com
6930321;com
6900572;com
6933806;au
6930158;de
6939923;com
6943083;org
6943146;com
6943196;com
6943282;com
6944759;com
6488174;com
6958491;org
6978906;com
6960626;org
6704166;org
6900034;com
6981563;id
6900052;com
6957315;edu
6960507;org
6980910;org
6981349;com
6981013;com
6703674;com
6704163;com
6703898;org
6994049;com
7029868;biz
7029997;com
6988316;com
6988280;com
6957357;edu
6704066;com
7040609;ca
6980847;org
6978749;com
7028179;com
7015079;com
6940507;org
6981356;com
6703838;au
6979304;org
6957168;edu
6977957;org
6978954;com
6900167;org
6900029;au
6703866;com
6900338;com
7030112;biz
7030102;com
7029870;com
7029616;com
7029492;com
7029756;org
7030013;biz
7029634;com
7029647;net
7030034;com
7030044;com
7030057;biz
7029683;com
7029948;com
7030076;biz
7030091;org
6956589;com
6981283;com
6900041;com
6900118;edu
7028041;com
6673265;org
6703713;org
6673269;org
7026729;com
6981352;com
6900446;com
6900428;org
6673647;org
6673294;org
7029972;com
6940679;org
6703950;com
6978191;org
6704128;org
6488234;com
6900030;au
6703944;com
6673398;org
6673584;edu
6980955;com
6980889;org
7028381;com
7029572;net
6993898;com
6994411;com
7029659;com
7029669;net
7029602;com
7029788;net
7029801;com
7030068;com
7029557;biz
7029698;net
7030083;com
2547490;us
6704186;com
6940576;org
6993999;com
6980824;org
6980606;net
6703989;com
6703897;org
6703662;org
6673573;com
6703759;com
6703776;com
6703923;com
6900205;com
6900437;com
6900576;net
6900239;net
6983968;com
6960623;org
6900043;com
6987492;net
6979105;ca
6704206;com
6980932;org
6673299;org
6978903;com
6981035;com
6673137;net
6703718;com
6673231;org
6704146;com
6900031;au
6900474;com
6900138;uk
6900203;com
6900109;com
6940706;com
6993847;org
6900317;com
6900036;com
6980694;com
6673524;org
6982411;com
6981562;id
6980868;org
6900415;com
6900452;com
6980516;net
6980759;com
6488325;com
6940575;org
6940542;org
6940577;org
6983982;com
6673478;edu
6987419;com
7040534;com
7029717;com
7116711;com
7116706;biz
7116718;com
7116722;com
7116692;com
7116698;biz
7116700;com
7116702;biz
7116840;com
7116730;com
7116803;asia:443
7116822;com_?ref=goldpoll
7116866;com
7116689;biz
7116755;com
7116760;biz
7116696;com
7116708;com
7116712;com
7116715;com
7116717;com
7116720;com
7116724;com
7116727;com
7116731;com
7116732;com
7116733;com
7116734;net
7116735;net
7116739;com
7116740;biz
7116741;com
7116742;net
7116743;biz
7116745;com
7116746;biz
7116747;com
7116719;com
7116748;com
7116721;com
7116749;com
7116751;net
7116754;com
7116756;com
7116758;com
7116759;com
7116761;net
7116763;com
7116765;com
7116769;com
7116771;com
7116778;org
7116781;com
7116783;biz
7116789;com
7116794;net
7116797;com
7116799;com
7116801;net
7116703;com
7116705;biz
7116737;com
7116753;biz
7116750;net
7116775;com
7116784;com
7116772;com
7116791;net
7116798;com
7116682;com
7116688;com
7116691;biz
7116697;biz
7116693;com
7116707;net
7116710;co
7116714;com
7116716;com
7116725;com
7116790;com
7116792;com
7116793;biz
7116701;biz
7116709;com
7116839;us
7116843;com
7116683;com
7116685;com
7029915;biz
7029980;com
7116690;biz
7116695;com
7116704;com
7116726;com
7116831;com
7116846;com
7116850;com
7116855;info
7116865;com
7116738;com
7116757;com
7116687;com
7116777;com
7029857;com
7116796;com
7029840;biz
7116776;tk
7116785;biz
7116838;com
7116800;com
7116804;com
7116807;biz
7116808;com
7116809;com
7116810;com
7116812;org
7116813;com
7116815;net
7116817;biz
7029778;com
7116818;net
7116819;com
7116820;com
7116821;com
7116823;net
7116824;com
7116826;biz
7116827;biz
7116828;com
7116829;info
7116830;com
7116832;com
7116833;com
7116836;com
7116837;biz
7116842;com
7116844;com
7116847;com
7116845;com
7116849;com
7116723;com
7116852;net
7116853;biz
7116854;com
7116857;com
7116859;com
7029820;com
7116861;com
7116767;com
7116681;com
7116684;biz
7116848;com
7116851;com
7116728;com
7116762;com
7116766;com
7116774;com
7116780;com
7116786;com
7116862;com
7116835;com
7116858;com
7116867;com
7116770;com
7116795;org
7116814;com
